-- phpMyAdmin SQL Dump
-- version 5.2.2
-- https://www.phpmyadmin.net/
--
-- Host: 127.0.0.1:3306
-- Generation Time: Apr 17, 2026 at 03:07 AM
-- Server version: 11.8.6-MariaDB-log
-- PHP Version: 7.2.34

SET SQL_MODE = "NO_AUTO_VALUE_ON_ZERO";
START TRANSACTION;
SET time_zone = "+08:00";


INSERT INTO `currencies` (`id`, `code`, `name`, `symbol`, `rate_to_idr`, `market_rate_to_idr`, `market_rate_synced_at`, `decimal_places`, `is_active`, `is_default`, `created_at`, `updated_at`) VALUES
(1, 'IDR', 'Indonesian Rupiah', 'Rp', 1, NULL, NULL, 0, 1, 1, '2026-03-22 20:30:21', '2026-03-22 20:30:21'),
(2, 'USD', 'US Dollar', '$', 16500, NULL, NULL, 0, 1, 0, '2026-03-22 20:30:21', '2026-03-31 00:56:44'),
(3, 'CNY', 'Yuan', '¥', 2500, NULL, NULL, 0, 1, 0, '2026-04-16 08:30:10', '2026-04-16 08:30:10'),
(4, 'TWD', 'Taiwan Dollar', '$', 500, NULL, NULL, 0, 1, 0, '2026-04-16 08:32:10', '2026-04-16 08:32:10');

--
-- Dumping data for table `modules`
--

INSERT INTO `modules` (`id`, `key`, `name`, `description`, `is_enabled`, `created_at`, `updated_at`) VALUES
(1, 'service_manager', 'Module Management', 'Manage module enable/disable status.', 1, '2026-03-22 20:30:25', '2026-03-22 20:30:25'),
(2, 'customer_management', 'Customer Management', 'Manage customer data from all channels.', 1, '2026-03-22 20:30:25', '2026-03-22 20:30:25'),
(3, 'inquiries', 'Inquiries', 'Track all customer inquiries and requests.', 1, '2026-03-22 20:30:25', '2026-03-22 20:30:25'),
(4, 'quotations', 'Quotations', 'Manage quotation creation and tracking.', 1, '2026-03-22 20:30:25', '2026-03-22 20:30:25'),
(5, 'bookings', 'Bookings', 'View and manage ongoing booking processes.', 0, '2026-03-22 20:30:25', '2026-03-24 01:50:24'),
(6, 'invoices', 'Invoices', 'Manage invoice data generated from finalized and director-approved bookings.', 0, '2026-03-22 20:30:26', '2026-03-24 01:50:37'),
(7, 'user_manager', 'User Manager', 'Manage employee data and access roles.', 1, '2026-03-22 20:30:26', '2026-03-22 20:30:26'),
(8, 'role_manager', 'Role Manager', 'Manage roles and per-module permissions.', 1, '2026-03-22 20:30:26', '2026-03-22 20:30:26'),
(9, 'destinations', 'Destinations', 'Manage destination master data and grouping for location-based modules.', 1, '2026-03-22 20:30:26', '2026-03-22 20:30:26'),
(10, 'vendor_management', 'Vendor Management', 'Manage service vendor data.', 1, '2026-03-22 20:30:26', '2026-03-22 20:30:26'),
(11, 'activities', 'Activities', 'Manage vendor activities, rates, and operational details.', 1, '2026-03-22 20:30:26', '2026-03-22 20:30:26'),
(12, 'food_beverages', 'Food & Beverage', 'Manage F&B services as itinerary stop points.', 1, '2026-03-22 20:30:26', '2026-03-22 20:30:26'),
(13, 'accommodations', 'Accommodations', 'Manage accommodation partners, room types, and contract rates.', 1, '2026-03-22 20:30:26', '2026-03-22 20:30:26'),
(14, 'hotels', 'Hotels', 'Manage hotel master data, rooms, and pricing.', 1, '2026-03-22 20:30:26', '2026-03-23 17:19:56'),
(15, 'airports', 'Airports', 'Manage airport master data for itinerary start/end routing.', 1, '2026-03-22 20:30:26', '2026-03-22 20:30:26'),
(16, 'transports', 'Transports', 'Manage transport providers, fleet units, and contract pricing.', 1, '2026-03-22 20:30:26', '2026-03-22 20:30:26'),
(17, 'itineraries', 'Itineraries', 'Manage itinerary data.', 1, '2026-03-22 20:30:26', '2026-03-22 20:30:26'),
(18, 'tourist_attractions', 'Tourist Attractions', 'Manage tourist attraction data for itineraries.', 1, '2026-03-22 20:30:26', '2026-03-22 20:30:26'),
(19, 'currencies', 'Currencies', 'Manage currency list and exchange rates.', 1, '2026-03-22 20:30:26', '2026-03-22 20:30:26');

--
-- Dumping data for table `permissions`
--

INSERT INTO `permissions` (`id`, `name`, `guard_name`, `created_at`, `updated_at`) VALUES
(1, 'dashboard.administrator.view', 'web', '2026-03-22 20:30:22', '2026-03-22 20:30:22'),
(2, 'dashboard.manager.view', 'web', '2026-03-22 20:30:22', '2026-03-22 20:30:22'),
(3, 'dashboard.marketing.view', 'web', '2026-03-22 20:30:22', '2026-03-22 20:30:22'),
(4, 'dashboard.reservation.view', 'web', '2026-03-22 20:30:22', '2026-03-22 20:30:22'),
(5, 'dashboard.finance.view', 'web', '2026-03-22 20:30:22', '2026-03-22 20:30:22'),
(6, 'dashboard.director.view', 'web', '2026-03-22 20:30:22', '2026-03-22 20:30:22'),
(7, 'dashboard.editor.view', 'web', '2026-03-22 20:30:22', '2026-03-22 20:30:22'),
(8, 'module.service_manager.access', 'web', '2026-03-22 20:30:26', '2026-03-22 20:30:26'),
(9, 'module.service_manager.create', 'web', '2026-03-22 20:30:26', '2026-03-22 20:30:26'),
(10, 'module.service_manager.read', 'web', '2026-03-22 20:30:26', '2026-03-22 20:30:26'),
(11, 'module.service_manager.update', 'web', '2026-03-22 20:30:26', '2026-03-22 20:30:26'),
(12, 'module.service_manager.delete', 'web', '2026-03-22 20:30:26', '2026-03-22 20:30:26'),
(13, 'module.customer_management.access', 'web', '2026-03-22 20:30:26', '2026-03-22 20:30:26'),
(14, 'module.customer_management.create', 'web', '2026-03-22 20:30:26', '2026-03-22 20:30:26'),
(15, 'module.customer_management.read', 'web', '2026-03-22 20:30:26', '2026-03-22 20:30:26'),
(16, 'module.customer_management.update', 'web', '2026-03-22 20:30:26', '2026-03-22 20:30:26'),
(17, 'module.customer_management.delete', 'web', '2026-03-22 20:30:26', '2026-03-22 20:30:26'),
(18, 'module.inquiries.access', 'web', '2026-03-22 20:30:26', '2026-03-22 20:30:26'),
(19, 'module.inquiries.create', 'web', '2026-03-22 20:30:26', '2026-03-22 20:30:26'),
(20, 'module.inquiries.read', 'web', '2026-03-22 20:30:26', '2026-03-22 20:30:26'),
(21, 'module.inquiries.update', 'web', '2026-03-22 20:30:26', '2026-03-22 20:30:26'),
(22, 'module.inquiries.delete', 'web', '2026-03-22 20:30:26', '2026-03-22 20:30:26'),
(23, 'module.quotations.access', 'web', '2026-03-22 20:30:26', '2026-03-22 20:30:26'),
(24, 'module.quotations.create', 'web', '2026-03-22 20:30:26', '2026-03-22 20:30:26'),
(25, 'module.quotations.read', 'web', '2026-03-22 20:30:26', '2026-03-22 20:30:26'),
(26, 'module.quotations.update', 'web', '2026-03-22 20:30:26', '2026-03-22 20:30:26'),
(27, 'module.quotations.delete', 'web', '2026-03-22 20:30:26', '2026-03-22 20:30:26'),
(28, 'module.bookings.access', 'web', '2026-03-22 20:30:26', '2026-03-22 20:30:26'),
(29, 'module.bookings.create', 'web', '2026-03-22 20:30:26', '2026-03-22 20:30:26'),
(30, 'module.bookings.read', 'web', '2026-03-22 20:30:26', '2026-03-22 20:30:26'),
(31, 'module.bookings.update', 'web', '2026-03-22 20:30:26', '2026-03-22 20:30:26'),
(32, 'module.bookings.delete', 'web', '2026-03-22 20:30:26', '2026-03-22 20:30:26'),
(33, 'module.invoices.access', 'web', '2026-03-22 20:30:26', '2026-03-22 20:30:26'),
(34, 'module.invoices.create', 'web', '2026-03-22 20:30:26', '2026-03-22 20:30:26'),
(35, 'module.invoices.read', 'web', '2026-03-22 20:30:26', '2026-03-22 20:30:26'),
(36, 'module.invoices.update', 'web', '2026-03-22 20:30:26', '2026-03-22 20:30:26'),
(37, 'module.invoices.delete', 'web', '2026-03-22 20:30:26', '2026-03-22 20:30:26'),
(38, 'module.user_manager.access', 'web', '2026-03-22 20:30:26', '2026-03-22 20:30:26'),
(39, 'module.user_manager.create', 'web', '2026-03-22 20:30:26', '2026-03-22 20:30:26'),
(40, 'module.user_manager.read', 'web', '2026-03-22 20:30:26', '2026-03-22 20:30:26'),
(41, 'module.user_manager.update', 'web', '2026-03-22 20:30:26', '2026-03-22 20:30:26'),
(42, 'module.user_manager.delete', 'web', '2026-03-22 20:30:26', '2026-03-22 20:30:26'),
(43, 'module.role_manager.access', 'web', '2026-03-22 20:30:26', '2026-03-22 20:30:26'),
(44, 'module.role_manager.create', 'web', '2026-03-22 20:30:26', '2026-03-22 20:30:26'),
(45, 'module.role_manager.read', 'web', '2026-03-22 20:30:26', '2026-03-22 20:30:26'),
(46, 'module.role_manager.update', 'web', '2026-03-22 20:30:26', '2026-03-22 20:30:26'),
(47, 'module.role_manager.delete', 'web', '2026-03-22 20:30:26', '2026-03-22 20:30:26'),
(48, 'module.destinations.access', 'web', '2026-03-22 20:30:26', '2026-03-22 20:30:26'),
(49, 'module.destinations.create', 'web', '2026-03-22 20:30:26', '2026-03-22 20:30:26'),
(50, 'module.destinations.read', 'web', '2026-03-22 20:30:26', '2026-03-22 20:30:26'),
(51, 'module.destinations.update', 'web', '2026-03-22 20:30:26', '2026-03-22 20:30:26'),
(52, 'module.destinations.delete', 'web', '2026-03-22 20:30:26', '2026-03-22 20:30:26'),
(53, 'module.vendor_management.access', 'web', '2026-03-22 20:30:26', '2026-03-22 20:30:26'),
(54, 'module.vendor_management.create', 'web', '2026-03-22 20:30:26', '2026-03-22 20:30:26'),
(55, 'module.vendor_management.read', 'web', '2026-03-22 20:30:26', '2026-03-22 20:30:26'),
(56, 'module.vendor_management.update', 'web', '2026-03-22 20:30:26', '2026-03-22 20:30:26'),
(57, 'module.vendor_management.delete', 'web', '2026-03-22 20:30:26', '2026-03-22 20:30:26'),
(58, 'module.activities.access', 'web', '2026-03-22 20:30:26', '2026-03-22 20:30:26'),
(59, 'module.activities.create', 'web', '2026-03-22 20:30:26', '2026-03-22 20:30:26'),
(60, 'module.activities.read', 'web', '2026-03-22 20:30:26', '2026-03-22 20:30:26'),
(61, 'module.activities.update', 'web', '2026-03-22 20:30:26', '2026-03-22 20:30:26'),
(62, 'module.activities.delete', 'web', '2026-03-22 20:30:26', '2026-03-22 20:30:26'),
(63, 'module.food_beverages.access', 'web', '2026-03-22 20:30:26', '2026-03-22 20:30:26'),
(64, 'module.food_beverages.create', 'web', '2026-03-22 20:30:26', '2026-03-22 20:30:26'),
(65, 'module.food_beverages.read', 'web', '2026-03-22 20:30:26', '2026-03-22 20:30:26'),
(66, 'module.food_beverages.update', 'web', '2026-03-22 20:30:26', '2026-03-22 20:30:26'),
(67, 'module.food_beverages.delete', 'web', '2026-03-22 20:30:26', '2026-03-22 20:30:26'),
(68, 'module.accommodations.access', 'web', '2026-03-22 20:30:26', '2026-03-22 20:30:26'),
(69, 'module.accommodations.create', 'web', '2026-03-22 20:30:26', '2026-03-22 20:30:26'),
(70, 'module.accommodations.read', 'web', '2026-03-22 20:30:26', '2026-03-22 20:30:26'),
(71, 'module.accommodations.update', 'web', '2026-03-22 20:30:26', '2026-03-22 20:30:26'),
(72, 'module.accommodations.delete', 'web', '2026-03-22 20:30:26', '2026-03-22 20:30:26'),
(73, 'module.hotels.access', 'web', '2026-03-22 20:30:26', '2026-03-22 20:30:26'),
(74, 'module.hotels.create', 'web', '2026-03-22 20:30:26', '2026-03-22 20:30:26'),
(75, 'module.hotels.read', 'web', '2026-03-22 20:30:26', '2026-03-22 20:30:26'),
(76, 'module.hotels.update', 'web', '2026-03-22 20:30:26', '2026-03-22 20:30:26'),
(77, 'module.hotels.delete', 'web', '2026-03-22 20:30:26', '2026-03-22 20:30:26'),
(78, 'module.airports.access', 'web', '2026-03-22 20:30:26', '2026-03-22 20:30:26'),
(79, 'module.airports.create', 'web', '2026-03-22 20:30:26', '2026-03-22 20:30:26'),
(80, 'module.airports.read', 'web', '2026-03-22 20:30:26', '2026-03-22 20:30:26'),
(81, 'module.airports.update', 'web', '2026-03-22 20:30:26', '2026-03-22 20:30:26'),
(82, 'module.airports.delete', 'web', '2026-03-22 20:30:26', '2026-03-22 20:30:26'),
(83, 'module.transports.access', 'web', '2026-03-22 20:30:26', '2026-03-22 20:30:26'),
(84, 'module.transports.create', 'web', '2026-03-22 20:30:26', '2026-03-22 20:30:26'),
(85, 'module.transports.read', 'web', '2026-03-22 20:30:26', '2026-03-22 20:30:26'),
(86, 'module.transports.update', 'web', '2026-03-22 20:30:26', '2026-03-22 20:30:26'),
(87, 'module.transports.delete', 'web', '2026-03-22 20:30:26', '2026-03-22 20:30:26'),
(88, 'module.itineraries.access', 'web', '2026-03-22 20:30:26', '2026-03-22 20:30:26'),
(89, 'module.itineraries.create', 'web', '2026-03-22 20:30:26', '2026-03-22 20:30:26'),
(90, 'module.itineraries.read', 'web', '2026-03-22 20:30:26', '2026-03-22 20:30:26'),
(91, 'module.itineraries.update', 'web', '2026-03-22 20:30:26', '2026-03-22 20:30:26'),
(92, 'module.itineraries.delete', 'web', '2026-03-22 20:30:26', '2026-03-22 20:30:26'),
(93, 'module.tourist_attractions.access', 'web', '2026-03-22 20:30:26', '2026-03-22 20:30:26'),
(94, 'module.tourist_attractions.create', 'web', '2026-03-22 20:30:26', '2026-03-22 20:30:26'),
(95, 'module.tourist_attractions.read', 'web', '2026-03-22 20:30:26', '2026-03-22 20:30:26'),
(96, 'module.tourist_attractions.update', 'web', '2026-03-22 20:30:26', '2026-03-22 20:30:26'),
(97, 'module.tourist_attractions.delete', 'web', '2026-03-22 20:30:26', '2026-03-22 20:30:26'),
(98, 'module.currencies.access', 'web', '2026-03-22 20:30:26', '2026-03-22 20:30:26'),
(99, 'module.currencies.create', 'web', '2026-03-22 20:30:26', '2026-03-22 20:30:26'),
(100, 'module.currencies.read', 'web', '2026-03-22 20:30:26', '2026-03-22 20:30:26'),
(101, 'module.currencies.update', 'web', '2026-03-22 20:30:26', '2026-03-22 20:30:26'),
(102, 'module.currencies.delete', 'web', '2026-03-22 20:30:26', '2026-03-22 20:30:26'),
(103, 'company_settings.manage', 'web', '2026-03-22 20:30:26', '2026-03-22 20:30:26'),
(104, 'quotations.approve', 'web', '2026-03-22 20:30:26', '2026-03-22 20:30:26'),
(105, 'quotations.reject', 'web', '2026-03-22 20:30:26', '2026-03-22 20:30:26');

--
-- Dumping data for table `roles`
--

INSERT INTO `roles` (`id`, `name`, `guard_name`, `created_at`, `updated_at`) VALUES
(1, 'Editor', 'web', '2026-03-22 20:30:22', '2026-03-22 20:30:22'),
(2, 'Finance', 'web', '2026-03-22 20:30:22', '2026-03-22 20:30:22'),
(3, 'Super Admin', 'web', '2026-03-22 20:30:26', '2026-03-22 20:30:26'),
(4, 'Administrator', 'web', '2026-03-22 20:30:26', '2026-03-22 20:30:26'),
(5, 'Director', 'web', '2026-03-22 20:30:26', '2026-03-22 20:30:26'),
(6, 'Manager', 'web', '2026-03-22 20:30:26', '2026-03-22 20:30:26'),
(7, 'Marketing', 'web', '2026-03-22 20:30:26', '2026-03-22 20:30:26'),
(8, 'Reservation', 'web', '2026-03-22 20:30:26', '2026-03-22 20:30:26');

--
-- Dumping data for table `role_has_permissions`
--

INSERT INTO `role_has_permissions` (`permission_id`, `role_id`) VALUES
(7, 1),
(48, 1),
(49, 1),
(50, 1),
(51, 1),
(52, 1),
(53, 1),
(54, 1),
(55, 1),
(56, 1),
(57, 1),
(58, 1),
(59, 1),
(60, 1),
(61, 1),
(62, 1),
(63, 1),
(64, 1),
(65, 1),
(66, 1),
(67, 1),
(68, 1),
(69, 1),
(70, 1),
(71, 1),
(72, 1),
(73, 1),
(74, 1),
(75, 1),
(76, 1),
(77, 1),
(78, 1),
(79, 1),
(80, 1),
(81, 1),
(82, 1),
(83, 1),
(84, 1),
(85, 1),
(86, 1),
(87, 1),
(93, 1),
(94, 1),
(95, 1),
(96, 1),
(97, 1),
(5, 2),
(28, 2),
(29, 2),
(30, 2),
(31, 2),
(32, 2),
(33, 2),
(34, 2),
(35, 2),
(36, 2),
(37, 2),
(1, 3),
(2, 3),
(3, 3),
(4, 3),
(5, 3),
(6, 3),
(7, 3),
(8, 3),
(9, 3),
(10, 3),
(11, 3),
(12, 3),
(13, 3),
(14, 3),
(15, 3),
(16, 3),
(17, 3),
(18, 3),
(19, 3),
(20, 3),
(21, 3),
(22, 3),
(23, 3),
(24, 3),
(25, 3),
(26, 3),
(27, 3),
(28, 3),
(29, 3),
(30, 3),
(31, 3),
(32, 3),
(33, 3),
(34, 3),
(35, 3),
(36, 3),
(37, 3),
(38, 3),
(39, 3),
(40, 3),
(41, 3),
(42, 3),
(43, 3),
(44, 3),
(45, 3),
(46, 3),
(47, 3),
(48, 3),
(49, 3),
(50, 3),
(51, 3),
(52, 3),
(53, 3),
(54, 3),
(55, 3),
(56, 3),
(57, 3),
(58, 3),
(59, 3),
(60, 3),
(61, 3),
(62, 3),
(63, 3),
(64, 3),
(65, 3),
(66, 3),
(67, 3),
(68, 3),
(69, 3),
(70, 3),
(71, 3),
(72, 3),
(73, 3),
(74, 3),
(75, 3),
(76, 3),
(77, 3),
(78, 3),
(79, 3),
(80, 3),
(81, 3),
(82, 3),
(83, 3),
(84, 3),
(85, 3),
(86, 3),
(87, 3),
(88, 3),
(89, 3),
(90, 3),
(91, 3),
(92, 3),
(93, 3),
(94, 3),
(95, 3),
(96, 3),
(97, 3),
(98, 3),
(99, 3),
(100, 3),
(101, 3),
(102, 3),
(103, 3),
(104, 3),
(105, 3),
(1, 4),
(2, 4),
(3, 4),
(4, 4),
(5, 4),
(6, 4),
(7, 4),
(8, 4),
(9, 4),
(10, 4),
(11, 4),
(12, 4),
(13, 4),
(14, 4),
(15, 4),
(16, 4),
(17, 4),
(18, 4),
(19, 4),
(20, 4),
(21, 4),
(22, 4),
(23, 4),
(24, 4),
(25, 4),
(26, 4),
(27, 4),
(28, 4),
(29, 4),
(30, 4),
(31, 4),
(32, 4),
(33, 4),
(34, 4),
(35, 4),
(36, 4),
(37, 4),
(38, 4),
(39, 4),
(40, 4),
(41, 4),
(42, 4),
(43, 4),
(44, 4),
(45, 4),
(46, 4),
(47, 4),
(48, 4),
(49, 4),
(50, 4),
(51, 4),
(52, 4),
(53, 4),
(54, 4),
(55, 4),
(56, 4),
(57, 4),
(58, 4),
(59, 4),
(60, 4),
(61, 4),
(62, 4),
(63, 4),
(64, 4),
(65, 4),
(66, 4),
(67, 4),
(68, 4),
(69, 4),
(70, 4),
(71, 4),
(72, 4),
(73, 4),
(74, 4),
(75, 4),
(76, 4),
(77, 4),
(78, 4),
(79, 4),
(80, 4),
(81, 4),
(82, 4),
(83, 4),
(84, 4),
(85, 4),
(86, 4),
(87, 4),
(88, 4),
(89, 4),
(90, 4),
(91, 4),
(92, 4),
(93, 4),
(94, 4),
(95, 4),
(96, 4),
(97, 4),
(98, 4),
(99, 4),
(100, 4),
(101, 4),
(102, 4),
(103, 4),
(104, 4),
(105, 4),
(6, 5),
(13, 5),
(14, 5),
(15, 5),
(16, 5),
(17, 5),
(18, 5),
(19, 5),
(20, 5),
(21, 5),
(22, 5),
(23, 5),
(24, 5),
(25, 5),
(26, 5),
(27, 5),
(28, 5),
(29, 5),
(30, 5),
(31, 5),
(32, 5),
(33, 5),
(34, 5),
(35, 5),
(36, 5),
(37, 5),
(38, 5),
(39, 5),
(40, 5),
(41, 5),
(42, 5),
(48, 5),
(49, 5),
(50, 5),
(51, 5),
(52, 5),
(53, 5),
(54, 5),
(55, 5),
(56, 5),
(57, 5),
(58, 5),
(59, 5),
(60, 5),
(61, 5),
(62, 5),
(63, 5),
(64, 5),
(65, 5),
(66, 5),
(67, 5),
(68, 5),
(69, 5),
(70, 5),
(71, 5),
(72, 5),
(73, 5),
(74, 5),
(75, 5),
(76, 5),
(77, 5),
(78, 5),
(79, 5),
(80, 5),
(81, 5),
(82, 5),
(83, 5),
(84, 5),
(85, 5),
(86, 5),
(87, 5),
(88, 5),
(89, 5),
(90, 5),
(91, 5),
(92, 5),
(93, 5),
(94, 5),
(95, 5),
(96, 5),
(97, 5),
(98, 5),
(99, 5),
(100, 5),
(101, 5),
(102, 5),
(104, 5),
(105, 5),
(2, 6),
(13, 6),
(14, 6),
(15, 6),
(16, 6),
(17, 6),
(18, 6),
(19, 6),
(20, 6),
(21, 6),
(22, 6),
(23, 6),
(24, 6),
(25, 6),
(26, 6),
(27, 6),
(28, 6),
(29, 6),
(30, 6),
(31, 6),
(32, 6),
(33, 6),
(34, 6),
(35, 6),
(36, 6),
(37, 6),
(38, 6),
(39, 6),
(40, 6),
(41, 6),
(42, 6),
(48, 6),
(49, 6),
(50, 6),
(51, 6),
(52, 6),
(53, 6),
(54, 6),
(55, 6),
(56, 6),
(57, 6),
(58, 6),
(59, 6),
(60, 6),
(61, 6),
(62, 6),
(63, 6),
(64, 6),
(65, 6),
(66, 6),
(67, 6),
(68, 6),
(69, 6),
(70, 6),
(71, 6),
(72, 6),
(73, 6),
(74, 6),
(75, 6),
(76, 6),
(77, 6),
(78, 6),
(79, 6),
(80, 6),
(81, 6),
(82, 6),
(83, 6),
(84, 6),
(85, 6),
(86, 6),
(87, 6),
(88, 6),
(89, 6),
(90, 6),
(91, 6),
(92, 6),
(93, 6),
(94, 6),
(95, 6),
(96, 6),
(97, 6),
(98, 6),
(99, 6),
(100, 6),
(101, 6),
(102, 6),
(104, 6),
(105, 6),
(3, 7),
(13, 7),
(14, 7),
(15, 7),
(16, 7),
(17, 7),
(18, 7),
(19, 7),
(20, 7),
(21, 7),
(22, 7),
(23, 7),
(24, 7),
(25, 7),
(26, 7),
(27, 7),
(48, 7),
(49, 7),
(50, 7),
(51, 7),
(52, 7),
(53, 7),
(54, 7),
(55, 7),
(56, 7),
(57, 7),
(58, 7),
(59, 7),
(60, 7),
(61, 7),
(62, 7),
(63, 7),
(64, 7),
(65, 7),
(66, 7),
(67, 7),
(73, 7),
(74, 7),
(75, 7),
(76, 7),
(77, 7),
(78, 7),
(79, 7),
(80, 7),
(81, 7),
(82, 7),
(4, 8),
(13, 8),
(14, 8),
(15, 8),
(16, 8),
(17, 8),
(18, 8),
(19, 8),
(20, 8),
(21, 8),
(22, 8),
(23, 8),
(24, 8),
(25, 8),
(26, 8),
(27, 8),
(28, 8),
(29, 8),
(30, 8),
(31, 8),
(32, 8),
(48, 8),
(49, 8),
(50, 8),
(51, 8),
(52, 8),
(53, 8),
(54, 8),
(55, 8),
(56, 8),
(57, 8),
(58, 8),
(59, 8),
(60, 8),
(61, 8),
(62, 8),
(63, 8),
(64, 8),
(65, 8),
(66, 8),
(67, 8),
(73, 8),
(74, 8),
(75, 8),
(76, 8),
(77, 8),
(78, 8),
(79, 8),
(80, 8),
(81, 8),
(82, 8),
(83, 8),
(84, 8),
(85, 8),
(86, 8),
(87, 8),
(88, 8),
(89, 8),
(90, 8),
(91, 8),
(92, 8),
(93, 8),
(94, 8),
(95, 8),
(96, 8),
(97, 8);

--
-- Dumping data for table `users`
--

INSERT INTO `users` (`id`, `name`, `email`, `email_verified_at`, `password`, `theme_preference`, `remember_token`, `created_at`, `updated_at`) VALUES
(1, 'Administrator', 'admin@example.com', NULL, '$2y$12$6dAaw9OMTGWLJcbdneFr0ugyJES9wptdaDBIk1Y5fjn/FZHqIvfpS', 'light', 'fRjwbFFPG9HQnAfrZMKXIoQ6OsFNhNCseGnCGf1LQMMZYtJ4FNDbn6xekPMj', '2026-03-22 20:30:27', '2026-04-13 03:19:46'),
(2, 'Super Admin', 'superadmin@example.com', NULL, '$2y$12$kw13264m8BFkNE5Z6Af.CeDLH9h6DhdASDXcovhzKfRvW/25mm7Mu', 'light', NULL, '2026-03-22 20:30:27', '2026-03-22 20:30:27'),
(3, 'Manager', 'manager@example.com', NULL, '$2y$12$kw13264m8BFkNE5Z6Af.CeDLH9h6DhdASDXcovhzKfRvW/25mm7Mu', 'light', NULL, '2026-03-22 20:30:27', '2026-03-22 20:30:27'),
(4, 'Marketing', 'marketing@example.com', NULL, '$2y$12$kw13264m8BFkNE5Z6Af.CeDLH9h6DhdASDXcovhzKfRvW/25mm7Mu', 'light', NULL, '2026-03-22 20:30:27', '2026-03-22 20:30:27'),
(5, 'Finance', 'finance@example.com', NULL, '$2y$12$kw13264m8BFkNE5Z6Af.CeDLH9h6DhdASDXcovhzKfRvW/25mm7Mu', 'light', NULL, '2026-03-22 20:30:27', '2026-03-22 20:30:27'),
(6, 'Reservation', 'reservation@example.com', NULL, '$2y$12$kw13264m8BFkNE5Z6Af.CeDLH9h6DhdASDXcovhzKfRvW/25mm7Mu', 'light', 'LUYHiQbu5qD5NPW7IKJg0BYwBB2qVHvO1Yv3IrzpUeMVWlSwMvLNBypoNRw9', '2026-03-22 20:30:27', '2026-04-10 01:25:13'),
(7, 'Editor', 'editor@example.com', NULL, '$2y$12$kw13264m8BFkNE5Z6Af.CeDLH9h6DhdASDXcovhzKfRvW/25mm7Mu', 'light', NULL, '2026-03-22 20:30:27', '2026-03-22 20:30:27');
COMMIT;
